{
  "heroes": [
    {
      "id": "1",
      "name": "Batman",
      "power": "47",
      "full-name": "Bruce Wayne",
      "url": "images/batman.jpg"
    },
    {
      "id": "2",
      "name": "Ant-Man",
      "power": "53",
      "full-name": "Scott Lang",
      "url": "images/antman.jpg"
    },
    {
      "id": "3",
      "name": "Scarlet Witch",
      "power": "100",
      "full-name": "Wanda Maximoff",
      "url": "images/scarletwitch.jpg"
    },
    {
      "id": "4",
      "name": "Deadpool",
      "power": "100",
      "full-name": "Wade Wilson",
      "url": "images/deadpool.jpg"
    },
    {
      "id": "5",
      "name": "Captain Marvel",
      "power": "100",
      "full-name": "Carol Danvers",
      "url": "images/captainmarvel.jpg"
    }
  ]
}
